timestamp,user_id,status,value
2024-01-01 00:00:00+00:00,user_93,success,337.9088666995858
2024-01-01 00:00:00+00:00,user_122,success,409.47600986126037
2024-01-01 00:00:00+00:00,user_75,success,229.18157234467245
2024-01-01 00:00:00+00:00,user_131,success,267.024921562228
2024-01-01 00:00:00+00:00,user_2,success,301.77774612895865
2024-01-01 00:00:00+00:00,user_170,success,265.77656691173235
2024-01-01 00:00:00+00:00,user_188,success,417.2519015137243
2024-01-01 00:00:00+00:00,user_51,success,281.9378959610772
2024-01-01 00:00:00+00:00,user_64,success,333.360888773054
2024-01-01 01:00:00+00:00,user_167,success,366.5969485696925
2024-01-01 01:00:00+00:00,user_89,failure,251.97969199152706
2024-01-01 01:00:00+00:00,user_53,success,375.7951856837311
2024-01-01 01:00:00+00:00,user_92,success,298.9202220209653
2024-01-01 01:00:00+00:00,user_175,success,215.38312568352802
2024-01-01 01:00:00+00:00,user_81,success,198.79047088618864
2024-01-01 02:00:00+00:00,user_54,success,387.3593811486137
2024-01-01 02:00:00+00:00,user_54,success,285.8971470459393
2024-01-01 02:00:00+00:00,user_190,failure,396.07142175596226
2024-01-01 02:00:00+00:00,user_95,failure,290.74813740894075
2024-01-01 02:00:00+00:00,user_82,success,275.9117043528569
2024-01-01 02:00:00+00:00,user_24,success,327.48946316547693
2024-01-01 02:00:00+00:00,user_41,success,158.95678757098128
2024-01-01 02:00:00+00:00,user_45,success,346.5698235770431
2024-01-01 02:00:00+00:00,user_163,failure,371.0198767674686
2024-01-01 02:00:00+00:00,user_123,success,232.86259814218892
2024-01-01 02:00:00+00:00,user_135,failure,275.26300993190284
2024-01-01 03:00:00+00:00,user_162,success,417.5153028345914
2024-01-01 03:00:00+00:00,user_37,success,210.08813323679706
2024-01-01 03:00:00+00:00,user_104,success,136.4461582544068
2024-01-01 03:00:00+00:00,user_175,success,385.5584708957544
2024-01-01 03:00:00+00:00,user_1,success,237.62384954720972
2024-01-01 03:00:00+00:00,user_27,success,232.48829117248596
2024-01-01 03:00:00+00:00,user_15,success,189.5426380582198
2024-01-01 03:00:00+00:00,user_96,success,277.5354966778597
2024-01-01 03:00:00+00:00,user_52,success,237.43617389601286
2024-01-01 04:00:00+00:00,user_143,failure,333.91544558327473
2024-01-01 04:00:00+00:00,user_36,failure,429.8336399473099
2024-01-01 04:00:00+00:00,user_28,failure,365.89864615801133
2024-01-01 04:00:00+00:00,user_45,success,291.57942927990564
2024-01-01 04:00:00+00:00,user_108,success,223.57228442258364
2024-01-01 04:00:00+00:00,user_30,failure,238.0765655402797
2024-01-01 04:00:00+00:00,user_190,success,271.217748376641
2024-01-01 04:00:00+00:00,user_121,success,230.3756036351141
2024-01-01 04:00:00+00:00,user_155,success,259.4685424294781
2024-01-01 04:00:00+00:00,user_165,success,227.44102196760957
2024-01-01 05:00:00+00:00,user_118,success,234.61166759017365
2024-01-01 05:00:00+00:00,user_180,success,298.5159356390688
2024-01-01 05:00:00+00:00,user_113,success,166.11963024078216
2024-01-01 05:00:00+00:00,user_184,success,304.81841679528213
2024-01-01 05:00:00+00:00,user_54,success,497.0593689988229
2024-01-01 05:00:00+00:00,user_129,success,297.22305842358054
2024-01-01 05:00:00+00:00,user_160,success,206.50575699043745
2024-01-01 05:00:00+00:00,user_68,success,194.24984394932488
2024-01-01 06:00:00+00:00,user_24,success,246.54026406940702
2024-01-01 06:00:00+00:00,user_98,success,229.54873451761847
2024-01-01 06:00:00+00:00,user_97,success,306.15159588676573
2024-01-01 06:00:00+00:00,user_187,success,307.9721092070113
2024-01-01 06:00:00+00:00,user_187,success,259.7219476707041
2024-01-01 06:00:00+00:00,user_90,success,351.9269386103285
2024-01-01 06:00:00+00:00,user_52,failure,202.17011706597546
2024-01-01 06:00:00+00:00,user_168,success,237.33973661310102
2024-01-01 06:00:00+00:00,user_151,success,274.235078703546
2024-01-01 06:00:00+00:00,user_42,success,383.50884887349264
2024-01-01 06:00:00+00:00,user_60,success,342.1158529067757
2024-01-01 07:00:00+00:00,user_48,failure,380.0388486209684
2024-01-01 07:00:00+00:00,user_9,success,312.19366898074077
2024-01-01 07:00:00+00:00,user_147,success,349.4112676408916
2024-01-01 07:00:00+00:00,user_75,failure,397.3656637584088
2024-01-01 07:00:00+00:00,user_164,failure,323.4457978638945
2024-01-01 07:00:00+00:00,user_93,success,242.85188655789057
2024-01-01 08:00:00+00:00,user_82,success,312.0527234786625
2024-01-01 08:00:00+00:00,user_161,success,298.74280481180426
2024-01-01 08:00:00+00:00,user_142,success,361.59818879446345
2024-01-01 08:00:00+00:00,user_135,success,401.47116179231216
2024-01-01 08:00:00+00:00,user_128,success,280.36895071977034
2024-01-01 08:00:00+00:00,user_119,success,239.70110685140082
2024-01-01 08:00:00+00:00,user_158,failure,370.29388385527164
2024-01-01 08:00:00+00:00,user_27,success,280.83243934449524
2024-01-01 08:00:00+00:00,user_21,success,278.82745334096353
2024-01-01 08:00:00+00:00,user_197,success,517.6135333271695
2024-01-01 08:00:00+00:00,user_48,success,303.35840515760185
2024-01-01 09:00:00+00:00,user_172,failure,289.0182546321747
2024-01-01 09:00:00+00:00,user_46,failure,290.06940888946724
2024-01-01 09:00:00+00:00,user_181,success,359.22726543581905
2024-01-01 09:00:00+00:00,user_188,failure,232.2565025545276
2024-01-01 09:00:00+00:00,user_161,success,178.81222202513084
2024-01-01 09:00:00+00:00,user_128,success,387.7063831632871
2024-01-01 10:00:00+00:00,user_104,success,273.16711807433285
2024-01-01 10:00:00+00:00,user_114,success,384.5938807089901
2024-01-01 10:00:00+00:00,user_17,failure,304.1088687583708
2024-01-01 10:00:00+00:00,user_137,success,189.7864505634327
2024-01-01 10:00:00+00:00,user_26,failure,224.97399680679018
2024-01-01 10:00:00+00:00,user_153,success,205.33875028364648
2024-01-01 10:00:00+00:00,user_8,success,339.5996523353356
2024-01-01 10:00:00+00:00,user_144,success,175.15543420501848
2024-01-01 11:00:00+00:00,user_51,success,460.0278471284883
2024-01-01 11:00:00+00:00,user_63,failure,311.98669730716784
2024-01-01 11:00:00+00:00,user_49,success,311.27258944570576
2024-01-01 11:00:00+00:00,user_70,success,140.6769770774869
2024-01-01 11:00:00+00:00,user_8,failure,334.0820693467202
2024-01-01 11:00:00+00:00,user_108,success,491.122876591397
2024-01-01 11:00:00+00:00,user_55,success,447.4731006656427
2024-01-01 11:00:00+00:00,user_144,failure,137.98859306739143
2024-01-01 11:00:00+00:00,user_145,success,314.9163451815542
2024-01-01 11:00:00+00:00,user_19,success,238.25447377945957
2024-01-01 11:00:00+00:00,user_58,failure,432.9041384486523
2024-01-01 12:00:00+00:00,user_96,success,375.6305352070054
2024-01-01 12:00:00+00:00,user_117,success,401.31254842983
2024-01-01 12:00:00+00:00,user_189,success,469.77249576101065
2024-01-01 12:00:00+00:00,user_195,success,382.59722084409174
2024-01-01 12:00:00+00:00,user_144,success,272.84909654574426
2024-01-01 12:00:00+00:00,user_69,success,234.77832507824613
2024-01-01 12:00:00+00:00,user_94,failure,281.00864310346645
2024-01-01 13:00:00+00:00,user_176,failure,449.76045443778435
2024-01-01 13:00:00+00:00,user_100,success,140.40307427538806
2024-01-01 13:00:00+00:00,user_10,failure,195.98457267252482
2024-01-01 13:00:00+00:00,user_100,success,415.30186312528923
2024-01-01 13:00:00+00:00,user_186,success,185.13102790564486
2024-01-01 13:00:00+00:00,user_69,success,345.42146942061
2024-01-01 13:00:00+00:00,user_2,success,311.85453851033196
2024-01-01 14:00:00+00:00,user_84,success,426.8813452916282
2024-01-01 14:00:00+00:00,user_161,failure,200.97476009385207
2024-01-01 14:00:00+00:00,user_171,failure,335.1461712082747
2024-01-01 14:00:00+00:00,user_74,success,291.32016891491895
2024-01-01 14:00:00+00:00,user_29,success,322.4793494188026
2024-01-01 14:00:00+00:00,user_81,success,250.1840384143525
2024-01-01 14:00:00+00:00,user_93,failure,250.22102680749768
2024-01-01 14:00:00+00:00,user_114,success,271.5609087266912
2024-01-01 15:00:00+00:00,user_120,success,249.62393141879096
2024-01-01 15:00:00+00:00,user_138,success,370.14037199618605
2024-01-01 15:00:00+00:00,user_152,failure,298.32787248286814
2024-01-01 15:00:00+00:00,user_96,success,309.38619066470255
2024-01-01 15:00:00+00:00,user_190,success,361.1582588260569
2024-01-01 15:00:00+00:00,user_23,failure,211.1068949804722
2024-01-01 15:00:00+00:00,user_105,success,273.9221487214809
2024-01-01 15:00:00+00:00,user_86,success,560.3188100870085
2024-01-01 15:00:00+00:00,user_19,success,278.3167630169166
2024-01-01 15:00:00+00:00,user_128,success,250.95242536732977
2024-01-01 16:00:00+00:00,user_111,success,316.15259534422364
2024-01-01 16:00:00+00:00,user_180,success,235.6210651939603
2024-01-01 16:00:00+00:00,user_53,failure,244.06827375264663
2024-01-01 16:00:00+00:00,user_122,success,299.2946363003354
2024-01-01 16:00:00+00:00,user_75,success,333.03451634205
2024-01-01 16:00:00+00:00,user_145,success,254.902035775682
2024-01-01 16:00:00+00:00,user_7,success,259.5646180966509
2024-01-01 17:00:00+00:00,user_122,success,191.45716124651503
2024-01-01 17:00:00+00:00,user_29,success,392.3483470727139
2024-01-01 17:00:00+00:00,user_71,failure,261.80946155397436
2024-01-01 17:00:00+00:00,user_132,success,286.89077892296257
2024-01-01 17:00:00+00:00,user_108,success,448.86224432953327
2024-01-01 17:00:00+00:00,user_91,success,242.05329637223204
2024-01-01 17:00:00+00:00,user_173,success,149.93770891488455
2024-01-01 17:00:00+00:00,user_126,success,401.6910580784732
2024-01-01 18:00:00+00:00,user_92,failure,361.66904811712317
2024-01-01 18:00:00+00:00,user_191,success,304.59303582050967
2024-01-01 18:00:00+00:00,user_117,failure,232.47138140730027
2024-01-01 18:00:00+00:00,user_44,failure,148.2602223853662
2024-01-01 18:00:00+00:00,user_80,success,347.9274660663313
2024-01-01 18:00:00+00:00,user_164,success,301.9608139407154
2024-01-01 18:00:00+00:00,user_49,success,339.83986329963597
2024-01-01 18:00:00+00:00,user_159,failure,228.22109349109553
2024-01-01 18:00:00+00:00,user_185,failure,422.0663965800665
2024-01-01 18:00:00+00:00,user_74,failure,291.1254451496392
2024-01-01 19:00:00+00:00,user_117,success,378.1047301184882
2024-01-01 19:00:00+00:00,user_92,success,191.80395560720024
2024-01-01 19:00:00+00:00,user_28,success,255.32637044537915
2024-01-01 19:00:00+00:00,user_41,success,260.4085257947775
2024-01-01 19:00:00+00:00,user_161,success,296.04163577734414
2024-01-01 19:00:00+00:00,user_157,success,434.7747971684497
2024-01-01 19:00:00+00:00,user_153,success,161.57477516606576
2024-01-01 19:00:00+00:00,user_56,failure,201.46153859921395
2024-01-01 19:00:00+00:00,user_33,failure,315.16679361284713
2024-01-01 20:00:00+00:00,user_177,success,250.7371324185831
2024-01-01 20:00:00+00:00,user_59,failure,414.8946774462213
2024-01-01 20:00:00+00:00,user_161,success,172.44578729645065
2024-01-01 20:00:00+00:00,user_55,failure,252.04999816369818
2024-01-01 20:00:00+00:00,user_197,failure,300.41949597745463
2024-01-01 20:00:00+00:00,user_53,failure,303.7584475011794
2024-01-01 20:00:00+00:00,user_83,success,214.59036564939245
2024-01-01 21:00:00+00:00,user_173,success,288.6096411982965
2024-01-01 21:00:00+00:00,user_190,failure,21.746462909075497
2024-01-01 21:00:00+00:00,user_3,success,278.53895504403897
2024-01-01 21:00:00+00:00,user_12,failure,333.09702399616594
2024-01-01 21:00:00+00:00,user_47,success,407.3670803444732
2024-01-01 21:00:00+00:00,user_85,success,316.2490838357205
2024-01-01 21:00:00+00:00,user_50,success,303.9658183439524
2024-01-01 21:00:00+00:00,user_30,success,320.0955977775739
2024-01-01 22:00:00+00:00,user_166,success,263.6962668022275
2024-01-01 22:00:00+00:00,user_79,success,378.52379013840647
2024-01-01 22:00:00+00:00,user_133,failure,326.45604456511455
2024-01-01 22:00:00+00:00,user_138,failure,163.72940485158762
2024-01-01 22:00:00+00:00,user_69,failure,295.55618408827047
2024-01-01 22:00:00+00:00,user_53,success,330.04704543933167
2024-01-01 23:00:00+00:00,user_115,success,190.27284962215006
2024-01-01 23:00:00+00:00,user_151,success,211.89984761223104
2024-01-01 23:00:00+00:00,user_184,success,339.0138619938635
2024-01-01 23:00:00+00:00,user_96,success,221.1419162931565
2024-01-01 23:00:00+00:00,user_122,success,340.32372124142756
2024-01-01 23:00:00+00:00,user_21,success,234.7600741369209
2024-01-01 23:00:00+00:00,user_149,success,255.27796054129146
2024-01-01 23:00:00+00:00,user_133,success,255.70805557222545
2024-01-02 00:00:00+00:00,user_45,success,204.16976859289213
2024-01-02 00:00:00+00:00,user_26,failure,244.02195936059317
2024-01-02 00:00:00+00:00,user_94,success,317.11839285873776
2024-01-02 00:00:00+00:00,user_48,success,368.1083411680408
2024-01-02 00:00:00+00:00,user_113,success,250.37090219715586
2024-01-02 00:00:00+00:00,user_180,success,277.9958642278685
2024-01-02 00:00:00+00:00,user_28,success,115.8463068211532
2024-01-02 00:00:00+00:00,user_130,success,346.1245570444613
2024-01-02 00:00:00+00:00,user_107,success,324.9000123634829
2024-01-02 00:00:00+00:00,user_18,success,171.4842943793942
2024-01-02 00:00:00+00:00,user_119,success,316.27709086937784
2024-01-02 01:00:00+00:00,user_39,success,248.27416926059786
2024-01-02 01:00:00+00:00,user_44,success,213.47615971084838
2024-01-02 01:00:00+00:00,user_13,success,384.42647972371316
2024-01-02 01:00:00+00:00,user_109,success,352.2907409068259
2024-01-02 01:00:00+00:00,user_111,success,466.7581784433251
2024-01-02 01:00:00+00:00,user_83,success,411.272279694822
2024-01-02 01:00:00+00:00,user_101,success,374.0942038025313
2024-01-02 02:00:00+00:00,user_109,success,452.75333123761044
2024-01-02 02:00:00+00:00,user_121,success,247.94859447025382
2024-01-02 02:00:00+00:00,user_75,success,261.0299692988243
2024-01-02 02:00:00+00:00,user_94,success,99.77923826702278
2024-01-02 02:00:00+00:00,user_36,failure,354.7713761244135
2024-01-02 02:00:00+00:00,user_6,success,253.8582935545334
2024-01-02 02:00:00+00:00,user_179,failure,360.4312980660605
2024-01-02 02:00:00+00:00,user_194,success,166.44757751029027
2024-01-02 03:00:00+00:00,user_133,success,343.4688153903948
2024-01-02 03:00:00+00:00,user_118,success,351.2465605559321
2024-01-02 03:00:00+00:00,user_140,success,234.8172697607762
2024-01-02 03:00:00+00:00,user_90,failure,301.0361230363276
2024-01-02 03:00:00+00:00,user_100,success,229.9441006666206
2024-01-02 03:00:00+00:00,user_3,success,231.1669307772838
2024-01-02 03:00:00+00:00,user_151,success,269.23555646161395
2024-01-02 03:00:00+00:00,user_130,success,251.84250568828924
2024-01-02 03:00:00+00:00,user_101,success,360.82008757082883
2024-01-02 04:00:00+00:00,user_143,success,158.38054493264863
2024-01-02 04:00:00+00:00,user_49,failure,217.38967447725642
2024-01-02 04:00:00+00:00,user_188,failure,329.6916698697047
2024-01-02 04:00:00+00:00,user_137,success,251.68118506273436
2024-01-02 04:00:00+00:00,user_35,failure,346.3442749497776
2024-01-02 04:00:00+00:00,user_14,failure,339.783342226462
2024-01-02 05:00:00+00:00,user_165,failure,323.181988551713
2024-01-02 05:00:00+00:00,user_132,success,466.03206389163506
2024-01-02 05:00:00+00:00,user_42,success,279.9901919140391
2024-01-02 05:00:00+00:00,user_14,failure,404.08419465298397
2024-01-02 05:00:00+00:00,user_125,success,301.4734703351641
2024-01-02 05:00:00+00:00,user_153,success,434.11498498202263
2024-01-02 05:00:00+00:00,user_194,success,318.8491646486853
2024-01-02 05:00:00+00:00,user_179,success,361.6692155109574
2024-01-02 06:00:00+00:00,user_135,success,229.44968839647487
2024-01-02 06:00:00+00:00,user_111,success,341.00839779009766
2024-01-02 06:00:00+00:00,user_155,failure,263.25112803678047
2024-01-02 06:00:00+00:00,user_155,success,232.01245044281666
2024-01-02 06:00:00+00:00,user_196,success,338.3183860597114
2024-01-02 06:00:00+00:00,user_97,success,326.69296842295586
2024-01-02 06:00:00+00:00,user_141,success,402.9579971079675
2024-01-02 06:00:00+00:00,user_5,success,264.42899534034876
2024-01-02 07:00:00+00:00,user_76,failure,302.1811763855103
2024-01-02 07:00:00+00:00,user_164,success,289.191975366805
2024-01-02 07:00:00+00:00,user_43,success,205.7771566806117
2024-01-02 07:00:00+00:00,user_23,success,245.57907302448734
2024-01-02 07:00:00+00:00,user_46,success,278.49326585638596
2024-01-02 07:00:00+00:00,user_104,failure,264.8108569907666
2024-01-02 07:00:00+00:00,user_100,failure,396.39765178405986
2024-01-02 07:00:00+00:00,user_31,success,353.79400151160746
2024-01-02 07:00:00+00:00,user_51,success,220.83161437931352
2024-01-02 08:00:00+00:00,user_90,failure,289.93704639202815
2024-01-02 08:00:00+00:00,user_182,failure,201.20444851700694
2024-01-02 08:00:00+00:00,user_115,success,212.0515340134329
2024-01-02 08:00:00+00:00,user_149,success,236.27976330739304
2024-01-02 08:00:00+00:00,user_57,success,352.86201853777123
2024-01-02 08:00:00+00:00,user_169,success,384.14267736127204
2024-01-02 08:00:00+00:00,user_38,success,280.2105799311916
2024-01-02 08:00:00+00:00,user_162,failure,264.5216086011769
2024-01-02 08:00:00+00:00,user_179,success,306.61247675560253
2024-01-02 08:00:00+00:00,user_25,success,364.3551288088692
2024-01-02 09:00:00+00:00,user_29,success,287.4228885308439
2024-01-02 09:00:00+00:00,user_150,success,306.27271380048614
2024-01-02 09:00:00+00:00,user_81,failure,181.22387427863424
2024-01-02 09:00:00+00:00,user_177,success,308.78823575637955
2024-01-02 09:00:00+00:00,user_104,success,390.37195879778966
2024-01-02 09:00:00+00:00,user_1,success,190.98371171680168
2024-01-02 10:00:00+00:00,user_62,success,147.09970560847808
2024-01-02 10:00:00+00:00,user_29,success,386.88844214157245
2024-01-02 10:00:00+00:00,user_19,success,268.4334145410724
2024-01-02 10:00:00+00:00,user_78,success,494.3878182923175
2024-01-02 10:00:00+00:00,user_113,success,455.9786076480984
2024-01-02 10:00:00+00:00,user_166,failure,276.10897665611856
2024-01-02 10:00:00+00:00,user_55,failure,242.73521049051058
2024-01-02 10:00:00+00:00,user_32,success,305.0906592294844
2024-01-02 11:00:00+00:00,user_87,failure,376.1211250354363
2024-01-02 11:00:00+00:00,user_32,success,292.86230595250646
2024-01-02 11:00:00+00:00,user_67,success,302.3986907621726
2024-01-02 11:00:00+00:00,user_187,success,163.31973763451938
2024-01-02 11:00:00+00:00,user_67,failure,380.8276002353262
2024-01-02 11:00:00+00:00,user_92,success,280.7739681473492
2024-01-02 12:00:00+00:00,user_32,failure,270.0143353960322
2024-01-02 12:00:00+00:00,user_144,success,213.5149337920082
2024-01-02 12:00:00+00:00,user_55,failure,349.2748485555411
2024-01-02 12:00:00+00:00,user_7,success,355.1070597626228
2024-01-02 12:00:00+00:00,user_112,success,337.342604021189
2024-01-02 12:00:00+00:00,user_36,success,342.1906972553986
2024-01-02 12:00:00+00:00,user_197,success,320.9550088885461
2024-01-02 12:00:00+00:00,user_130,success,394.81682332087115
2024-01-02 12:00:00+00:00,user_137,success,246.39686451557228
2024-01-02 12:00:00+00:00,user_172,success,313.3132119010311
2024-01-02 12:00:00+00:00,user_59,failure,221.92161533666663
2024-01-02 13:00:00+00:00,user_114,success,324.6241415113647
2024-01-02 13:00:00+00:00,user_25,success,163.18652858746998
2024-01-02 13:00:00+00:00,user_22,failure,301.4747146452315
2024-01-02 13:00:00+00:00,user_109,success,327.80653642893367
2024-01-02 13:00:00+00:00,user_37,success,169.63256112189381
2024-01-02 13:00:00+00:00,user_17,success,344.14909242476006
2024-01-02 14:00:00+00:00,user_122,success,228.09600734060288
2024-01-02 14:00:00+00:00,user_168,success,227.22928820080222
2024-01-02 14:00:00+00:00,user_53,success,287.3518807943841
2024-01-02 14:00:00+00:00,user_190,success,364.52745983309495
2024-01-02 14:00:00+00:00,user_64,success,311.77662634956823
2024-01-02 14:00:00+00:00,user_29,success,282.1966822263088
2024-01-02 14:00:00+00:00,user_40,success,318.43897716828025
2024-01-02 14:00:00+00:00,user_54,success,334.5846984952616
2024-01-02 14:00:00+00:00,user_111,failure,296.01530945387395
2024-01-02 14:00:00+00:00,user_36,success,210.47080575786327
2024-01-02 14:00:00+00:00,user_81,success,164.8354219137384
2024-01-02 15:00:00+00:00,user_194,success,378.9697760102968
2024-01-02 15:00:00+00:00,user_40,success,458.00218829046247
2024-01-02 15:00:00+00:00,user_42,success,296.21882778967927
2024-01-02 15:00:00+00:00,user_35,failure,350.5926191244417
2024-01-02 15:00:00+00:00,user_102,success,377.8043559701384
2024-01-02 15:00:00+00:00,user_19,success,353.0989771110417
2024-01-02 15:00:00+00:00,user_47,success,380.81131683428947
2024-01-02 16:00:00+00:00,user_8,success,364.38425429870443
2024-01-02 16:00:00+00:00,user_198,failure,374.4202676762833
2024-01-02 16:00:00+00:00,user_89,success,277.33477473339093
2024-01-02 16:00:00+00:00,user_26,success,309.7643147602404
2024-01-02 16:00:00+00:00,user_10,success,143.8010501591454
2024-01-02 16:00:00+00:00,user_79,success,277.6400747359968
2024-01-02 16:00:00+00:00,user_137,success,284.3197895006135
2024-01-02 16:00:00+00:00,user_82,success,222.89539919222256
2024-01-02 17:00:00+00:00,user_167,success,475.2852804447774
2024-01-02 17:00:00+00:00,user_14,success,327.2054104420185
2024-01-02 17:00:00+00:00,user_108,success,317.770701730697
2024-01-02 17:00:00+00:00,user_168,success,261.70011026692185
2024-01-02 17:00:00+00:00,user_108,success,314.03368602400906
2024-01-02 17:00:00+00:00,user_153,success,411.0872897155346
2024-01-02 17:00:00+00:00,user_161,failure,192.04291428595812
2024-01-02 17:00:00+00:00,user_55,success,346.8402768686863
2024-01-02 17:00:00+00:00,user_34,success,306.5827191420339
2024-01-02 18:00:00+00:00,user_123,failure,385.2384300052281
2024-01-02 18:00:00+00:00,user_29,failure,259.211393800002
2024-01-02 18:00:00+00:00,user_185,success,101.23107367313483
2024-01-02 18:00:00+00:00,user_121,failure,165.45437398934166
2024-01-02 18:00:00+00:00,user_133,success,159.3120800004682
2024-01-02 18:00:00+00:00,user_177,success,192.44395911725783
2024-01-02 18:00:00+00:00,user_68,success,226.50784428126414
2024-01-02 18:00:00+00:00,user_37,success,145.30573591139517
2024-01-02 19:00:00+00:00,user_140,failure,203.40833346829004
2024-01-02 19:00:00+00:00,user_37,failure,286.74215574827076
2024-01-02 19:00:00+00:00,user_184,failure,233.9532125586031
2024-01-02 19:00:00+00:00,user_88,success,210.18223827501612
2024-01-02 19:00:00+00:00,user_52,success,330.5927796947241
2024-01-02 19:00:00+00:00,user_72,failure,393.36823315069086
2024-01-02 19:00:00+00:00,user_110,success,429.68868462301725
2024-01-02 19:00:00+00:00,user_57,success,344.4301453445526
2024-01-02 19:00:00+00:00,user_6,failure,250.1703602861373
2024-01-02 20:00:00+00:00,user_47,success,500.1358570288354
2024-01-02 20:00:00+00:00,user_61,success,337.56966315004036
2024-01-02 20:00:00+00:00,user_163,failure,233.4115541516617
2024-01-02 20:00:00+00:00,user_160,success,337.7132445109123
2024-01-02 20:00:00+00:00,user_13,success,488.59010920261665
2024-01-02 20:00:00+00:00,user_142,failure,375.02706412533155
2024-01-02 20:00:00+00:00,user_11,failure,250.97690476124913
2024-01-02 20:00:00+00:00,user_137,success,268.98387520512125
2024-01-02 20:00:00+00:00,user_76,success,340.538772998947
2024-01-02 20:00:00+00:00,user_139,success,283.9429641330173
2024-01-02 20:00:00+00:00,user_124,success,370.7280669247344
2024-01-02 21:00:00+00:00,user_146,success,223.94529668757383
2024-01-02 21:00:00+00:00,user_60,success,372.59958147338045
2024-01-02 21:00:00+00:00,user_67,success,302.871563981416
2024-01-02 21:00:00+00:00,user_98,success,332.7530734295304
2024-01-02 21:00:00+00:00,user_147,failure,351.0378616120618
2024-01-02 21:00:00+00:00,user_92,failure,332.4494074512303
2024-01-02 21:00:00+00:00,user_107,success,357.20056110409126
2024-01-02 22:00:00+00:00,user_170,success,225.73844388668397
2024-01-02 22:00:00+00:00,user_133,failure,347.54950471385354
2024-01-02 22:00:00+00:00,user_58,success,256.64807004891617
2024-01-02 22:00:00+00:00,user_39,success,351.11128367494183
2024-01-02 22:00:00+00:00,user_100,success,235.13792640856119
2024-01-02 22:00:00+00:00,user_194,success,368.9810419837503
2024-01-02 22:00:00+00:00,user_46,success,220.705575231196
2024-01-02 22:00:00+00:00,user_98,success,312.35258215693534
2024-01-02 22:00:00+00:00,user_88,failure,268.724914426782
2024-01-02 22:00:00+00:00,user_199,success,246.36547463629924
2024-01-02 23:00:00+00:00,user_63,success,344.57429285353993
2024-01-02 23:00:00+00:00,user_22,failure,243.6884279759653
2024-01-02 23:00:00+00:00,user_96,failure,360.15220944261586
2024-01-02 23:00:00+00:00,user_118,success,378.15192624296526
2024-01-02 23:00:00+00:00,user_120,success,329.36818134304536
2024-01-02 23:00:00+00:00,user_7,success,257.93556901496345
2024-01-02 23:00:00+00:00,user_33,success,425.24192233874726
2024-01-03 00:00:00+00:00,user_26,success,294.739979114161
2024-01-03 00:00:00+00:00,user_29,failure,403.8927787331468
2024-01-03 00:00:00+00:00,user_75,success,308.6143895781284
2024-01-03 00:00:00+00:00,user_130,failure,261.2552655530905
2024-01-03 00:00:00+00:00,user_195,failure,271.63006536532043
2024-01-03 00:00:00+00:00,user_184,success,290.8327759753625
2024-01-03 00:00:00+00:00,user_187,failure,350.6614001842861
2024-01-03 01:00:00+00:00,user_185,success,210.67313565969224
2024-01-03 01:00:00+00:00,user_166,success,206.29255922152225
2024-01-03 01:00:00+00:00,user_189,success,332.2214633594475
2024-01-03 01:00:00+00:00,user_18,failure,355.18905998370406
2024-01-03 01:00:00+00:00,user_27,failure,321.57354859176564
2024-01-03 01:00:00+00:00,user_53,success,281.59548515228937
2024-01-03 01:00:00+00:00,user_27,failure,351.4178207894035
2024-01-03 01:00:00+00:00,user_192,success,406.3322024105945
2024-01-03 02:00:00+00:00,user_122,success,292.8211444570219
2024-01-03 02:00:00+00:00,user_199,success,415.20937723595785
2024-01-03 02:00:00+00:00,user_84,success,296.78736394845254
2024-01-03 02:00:00+00:00,user_63,success,185.53799183055614
2024-01-03 02:00:00+00:00,user_117,success,323.7167147198847
2024-01-03 02:00:00+00:00,user_72,success,296.7313653123193
2024-01-03 02:00:00+00:00,user_64,success,397.2124007097403
2024-01-03 02:00:00+00:00,user_102,failure,359.3667670819039
2024-01-03 02:00:00+00:00,user_11,success,278.93424779088286
2024-01-03 03:00:00+00:00,user_46,success,267.73683984215035
2024-01-03 03:00:00+00:00,user_80,success,251.2403534545553
2024-01-03 03:00:00+00:00,user_168,success,208.28070339203458
2024-01-03 03:00:00+00:00,user_97,success,280.2258093983522
2024-01-03 03:00:00+00:00,user_161,failure,245.4412601601761
2024-01-03 03:00:00+00:00,user_154,success,315.63282279973066
2024-01-03 04:00:00+00:00,user_122,failure,214.98937780671187
2024-01-03 04:00:00+00:00,user_106,success,322.0408449878602
2024-01-03 04:00:00+00:00,user_195,failure,236.11637475150542
2024-01-03 04:00:00+00:00,user_9,failure,304.7704295936139
2024-01-03 04:00:00+00:00,user_114,failure,248.2450577835541
2024-01-03 04:00:00+00:00,user_72,success,253.64293807439438
2024-01-03 04:00:00+00:00,user_127,success,387.1207985427819
2024-01-03 04:00:00+00:00,user_84,success,408.1182743578806
2024-01-03 04:00:00+00:00,user_127,success,337.1307728178643
2024-01-03 04:00:00+00:00,user_41,success,434.8518641135332
2024-01-03 04:00:00+00:00,user_12,success,263.1763644644923
2024-01-03 05:00:00+00:00,user_25,failure,217.47390025038737
2024-01-03 05:00:00+00:00,user_119,success,257.6561409963024
2024-01-03 05:00:00+00:00,user_32,success,438.2034536080569
2024-01-03 05:00:00+00:00,user_150,success,334.9058935739226
2024-01-03 05:00:00+00:00,user_56,failure,209.77382235989552
2024-01-03 05:00:00+00:00,user_35,success,345.1421910421389
2024-01-03 05:00:00+00:00,user_182,success,279.4098770061324
2024-01-03 05:00:00+00:00,user_94,failure,166.51327408979282
2024-01-03 05:00:00+00:00,user_186,success,150.85347773527243
2024-01-03 05:00:00+00:00,user_108,failure,227.8719403171542
2024-01-03 06:00:00+00:00,user_152,success,507.48572030870895
2024-01-03 06:00:00+00:00,user_117,success,332.9774721795147
2024-01-03 06:00:00+00:00,user_66,success,347.98270847717833
2024-01-03 06:00:00+00:00,user_115,success,390.6837419602165
2024-01-03 06:00:00+00:00,user_125,success,418.12322797807167
2024-01-03 06:00:00+00:00,user_143,success,410.4073083317961
2024-01-03 06:00:00+00:00,user_26,success,325.9040102084756
2024-01-03 06:00:00+00:00,user_41,success,276.6808016805208
2024-01-03 06:00:00+00:00,user_60,success,423.3804756838799
2024-01-03 07:00:00+00:00,user_130,success,444.35976706892876
2024-01-03 07:00:00+00:00,user_145,success,196.42548194232756
2024-01-03 07:00:00+00:00,user_168,success,392.86614299028156
2024-01-03 07:00:00+00:00,user_164,failure,175.52810796080837
2024-01-03 07:00:00+00:00,user_195,success,278.2083223600153
2024-01-03 07:00:00+00:00,user_80,success,379.7013455557712
2024-01-03 07:00:00+00:00,user_1,success,260.499473347095
2024-01-03 07:00:00+00:00,user_8,success,232.92900071056917
2024-01-03 07:00:00+00:00,user_28,success,341.6531536427367
2024-01-03 08:00:00+00:00,user_175,success,397.16074282442787
2024-01-03 08:00:00+00:00,user_44,success,292.83819118016754
2024-01-03 08:00:00+00:00,user_111,failure,279.27662833434374
2024-01-03 08:00:00+00:00,user_114,failure,284.29201207320176
2024-01-03 08:00:00+00:00,user_37,failure,358.61120617724634
2024-01-03 08:00:00+00:00,user_69,success,293.5426735913134
2024-01-03 08:00:00+00:00,user_179,success,311.14740748970115
2024-01-03 08:00:00+00:00,user_185,success,336.20279134570677
2024-01-03 08:00:00+00:00,user_184,success,467.0699763824582
2024-01-03 08:00:00+00:00,user_84,success,288.8328297475861
2024-01-03 09:00:00+00:00,user_45,success,305.10850410673146
2024-01-03 09:00:00+00:00,user_8,failure,309.64719471125693
2024-01-03 09:00:00+00:00,user_129,success,263.3250447850466
2024-01-03 09:00:00+00:00,user_86,success,252.4930792801237
2024-01-03 09:00:00+00:00,user_193,failure,312.03351241148613
2024-01-03 09:00:00+00:00,user_114,success,329.196880197298
2024-01-03 09:00:00+00:00,user_26,failure,264.0863337912163
2024-01-03 09:00:00+00:00,user_72,failure,305.3998828700007
2024-01-03 09:00:00+00:00,user_196,success,351.09841776233475
2024-01-03 09:00:00+00:00,user_53,success,208.55960698156133
2024-01-03 09:00:00+00:00,user_105,success,380.41140586224145
2024-01-03 10:00:00+00:00,user_77,success,279.809596522844
2024-01-03 10:00:00+00:00,user_68,success,372.11797039582285
2024-01-03 10:00:00+00:00,user_141,failure,288.8909930244263
2024-01-03 10:00:00+00:00,user_83,failure,182.47363514910333
2024-01-03 10:00:00+00:00,user_199,success,228.06706983983688
2024-01-03 10:00:00+00:00,user_143,success,393.72644215060086
2024-01-03 11:00:00+00:00,user_60,success,462.26857537841914
2024-01-03 11:00:00+00:00,user_161,success,196.5483741083074
2024-01-03 11:00:00+00:00,user_11,success,251.9220829597311
2024-01-03 11:00:00+00:00,user_110,success,300.2225896737263
2024-01-03 11:00:00+00:00,user_85,failure,429.63437160832586
2024-01-03 11:00:00+00:00,user_48,failure,169.54613060677886
2024-01-03 11:00:00+00:00,user_15,success,313.67767772545756
2024-01-03 11:00:00+00:00,user_87,failure,279.7851449599229
2024-01-03 12:00:00+00:00,user_51,success,331.3667623760696
2024-01-03 12:00:00+00:00,user_21,success,262.65480433681745
2024-01-03 12:00:00+00:00,user_196,success,265.8140253945463
2024-01-03 12:00:00+00:00,user_52,success,304.62364684681756
2024-01-03 12:00:00+00:00,user_136,success,361.57262010765004
2024-01-03 12:00:00+00:00,user_164,success,325.29600609636486
2024-01-03 12:00:00+00:00,user_90,success,294.6887676725491
2024-01-03 12:00:00+00:00,user_7,success,308.4300404916768
2024-01-03 13:00:00+00:00,user_170,success,193.27796040654366
2024-01-03 13:00:00+00:00,user_184,failure,411.79317624482974
2024-01-03 13:00:00+00:00,user_129,success,293.98846665519864
2024-01-03 13:00:00+00:00,user_173,success,309.7838002425827
2024-01-03 13:00:00+00:00,user_118,success,343.46384232291103
2024-01-03 13:00:00+00:00,user_137,failure,215.2486295624045
2024-01-03 14:00:00+00:00,user_125,failure,338.20429729005167
2024-01-03 14:00:00+00:00,user_152,success,359.77321794076653
2024-01-03 14:00:00+00:00,user_50,success,243.93346569071315
2024-01-03 14:00:00+00:00,user_100,success,246.1207500604905
2024-01-03 14:00:00+00:00,user_164,success,322.31953297790415
2024-01-03 14:00:00+00:00,user_183,success,341.94901978023285
2024-01-03 15:00:00+00:00,user_161,success,241.20716684177603
2024-01-03 15:00:00+00:00,user_150,success,397.96675501009145
2024-01-03 15:00:00+00:00,user_160,success,429.8717249839236
2024-01-03 15:00:00+00:00,user_78,success,353.3584322750528
2024-01-03 15:00:00+00:00,user_146,success,176.03749843371904
2024-01-03 15:00:00+00:00,user_118,success,383.408706850919
2024-01-03 15:00:00+00:00,user_68,success,258.4117286760997
2024-01-03 16:00:00+00:00,user_32,success,211.9376573730652
2024-01-03 16:00:00+00:00,user_169,success,243.09611001915698
2024-01-03 16:00:00+00:00,user_13,success,318.7028729432598
2024-01-03 16:00:00+00:00,user_50,success,175.5283483037098
2024-01-03 16:00:00+00:00,user_44,success,398.21351939786337
2024-01-03 16:00:00+00:00,user_172,success,203.22871850470358
2024-01-03 16:00:00+00:00,user_35,success,243.5990515393273
2024-01-03 17:00:00+00:00,user_186,failure,295.5384737873835
2024-01-03 17:00:00+00:00,user_77,success,245.9210981620482
2024-01-03 17:00:00+00:00,user_106,success,341.82223603727135
2024-01-03 17:00:00+00:00,user_121,failure,298.3984880524457
2024-01-03 17:00:00+00:00,user_30,success,330.68895766303456
2024-01-03 17:00:00+00:00,user_92,failure,239.7361420529154
2024-01-03 17:00:00+00:00,user_30,success,363.145248948368
2024-01-03 17:00:00+00:00,user_198,success,334.01430738197615
2024-01-03 17:00:00+00:00,user_16,success,326.8526391719118
2024-01-03 18:00:00+00:00,user_142,success,245.43724934405483
2024-01-03 18:00:00+00:00,user_105,success,206.04080940054894
2024-01-03 18:00:00+00:00,user_193,success,211.73067150609012
2024-01-03 18:00:00+00:00,user_196,failure,127.76875256380137
2024-01-03 18:00:00+00:00,user_6,failure,320.10445126451043
2024-01-03 18:00:00+00:00,user_101,success,299.8759595331278
2024-01-03 18:00:00+00:00,user_12,failure,306.5463486838052
2024-01-03 18:00:00+00:00,user_35,success,292.08882774470857
2024-01-03 18:00:00+00:00,user_158,success,271.08913862545296
2024-01-03 19:00:00+00:00,user_73,success,263.9919093047821
2024-01-03 19:00:00+00:00,user_163,success,217.07392669149624
2024-01-03 19:00:00+00:00,user_20,success,405.04548124709714
2024-01-03 19:00:00+00:00,user_10,failure,297.99784330038847
2024-01-03 19:00:00+00:00,user_110,failure,365.421303936023
2024-01-03 19:00:00+00:00,user_125,success,236.03688630138527
2024-01-03 19:00:00+00:00,user_149,success,328.12383670607113
2024-01-03 19:00:00+00:00,user_25,success,319.3493361210833
2024-01-03 19:00:00+00:00,user_31,success,222.43808883840168
2024-01-03 19:00:00+00:00,user_146,success,303.9242727419486
2024-01-03 19:00:00+00:00,user_151,success,281.5439669443617
2024-01-03 20:00:00+00:00,user_5,failure,244.90665960296454
2024-01-03 20:00:00+00:00,user_11,failure,294.98744350380446
2024-01-03 20:00:00+00:00,user_159,success,250.9277869167248
2024-01-03 20:00:00+00:00,user_80,success,275.8024250809497
2024-01-03 20:00:00+00:00,user_97,success,177.2561098892433
2024-01-03 20:00:00+00:00,user_52,success,372.99481994073335
2024-01-03 20:00:00+00:00,user_166,success,190.64970412676632
2024-01-03 20:00:00+00:00,user_7,success,282.0187678485853
2024-01-03 21:00:00+00:00,user_14,success,333.4565290203629
2024-01-03 21:00:00+00:00,user_183,success,291.85474063763445
2024-01-03 21:00:00+00:00,user_149,success,369.04801809365046
2024-01-03 21:00:00+00:00,user_58,success,236.28478551523364
2024-01-03 21:00:00+00:00,user_133,success,298.77521206616035
2024-01-03 21:00:00+00:00,user_188,success,346.3433199680871
2024-01-03 21:00:00+00:00,user_149,failure,297.81563683920547
2024-01-03 21:00:00+00:00,user_196,failure,225.33856327414432
2024-01-03 21:00:00+00:00,user_112,success,115.78424083642268
2024-01-03 21:00:00+00:00,user_180,failure,264.4043391900263
2024-01-03 21:00:00+00:00,user_42,failure,246.4741809072067
2024-01-03 22:00:00+00:00,user_130,success,383.1923749916861
2024-01-03 22:00:00+00:00,user_29,success,292.98893937468176
2024-01-03 22:00:00+00:00,user_21,failure,312.21743193758635
2024-01-03 22:00:00+00:00,user_34,success,179.246246927459
2024-01-03 22:00:00+00:00,user_145,success,277.9418198026139
2024-01-03 22:00:00+00:00,user_88,failure,251.65287427493504
2024-01-03 23:00:00+00:00,user_87,success,293.93460833454293
2024-01-03 23:00:00+00:00,user_109,failure,105.28781947615724
2024-01-03 23:00:00+00:00,user_159,success,314.8613993669417
2024-01-03 23:00:00+00:00,user_139,failure,213.86712523805363
2024-01-03 23:00:00+00:00,user_5,success,157.70953334321572
2024-01-03 23:00:00+00:00,user_96,success,236.16324178068447
2024-01-04 00:00:00+00:00,user_81,success,288.4215478971424
2024-01-04 00:00:00+00:00,user_104,success,199.79287901076037
2024-01-04 00:00:00+00:00,user_49,success,259.8030010471507
2024-01-04 00:00:00+00:00,user_68,failure,336.4710217665286
2024-01-04 00:00:00+00:00,user_190,failure,473.2001875920867
2024-01-04 00:00:00+00:00,user_10,failure,416.4494952064893
2024-01-04 00:00:00+00:00,user_95,success,443.94172600151995
2024-01-04 00:00:00+00:00,user_32,success,270.80378163656917
2024-01-04 00:00:00+00:00,user_168,success,232.8632266128795
2024-01-04 01:00:00+00:00,user_153,success,126.74838172767011
2024-01-04 01:00:00+00:00,user_114,failure,377.9409777703046
2024-01-04 01:00:00+00:00,user_158,failure,296.3295374415265
2024-01-04 01:00:00+00:00,user_113,success,463.43876202810054
2024-01-04 01:00:00+00:00,user_122,failure,286.6302628970871
2024-01-04 01:00:00+00:00,user_141,success,322.60639603906395
2024-01-04 02:00:00+00:00,user_136,success,196.51530886661612
2024-01-04 02:00:00+00:00,user_86,failure,318.7310037690637
2024-01-04 02:00:00+00:00,user_89,failure,331.97503614021133
2024-01-04 02:00:00+00:00,user_27,failure,247.89144849665368
2024-01-04 02:00:00+00:00,user_151,failure,324.7066410079171
2024-01-04 02:00:00+00:00,user_189,success,436.17719557081904
2024-01-04 02:00:00+00:00,user_3,success,444.91000229319854
2024-01-04 02:00:00+00:00,user_39,success,349.88390855213095
2024-01-04 02:00:00+00:00,user_25,failure,288.9235212812981
2024-01-04 02:00:00+00:00,user_144,failure,202.05614109685075
2024-01-04 02:00:00+00:00,user_108,success,403.03859790415504
2024-01-04 03:00:00+00:00,user_10,success,266.17504311315656
2024-01-04 03:00:00+00:00,user_46,success,258.82867606254825
2024-01-04 03:00:00+00:00,user_13,success,211.18212907923203
2024-01-04 03:00:00+00:00,user_164,success,237.2081349534208
2024-01-04 03:00:00+00:00,user_162,failure,351.8624347075087
2024-01-04 03:00:00+00:00,user_20,success,263.66483533507875
2024-01-04 03:00:00+00:00,user_56,success,234.37249403754436
2024-01-04 03:00:00+00:00,user_186,success,438.15710809867244
2024-01-04 04:00:00+00:00,user_154,success,268.0291051508318
2024-01-04 04:00:00+00:00,user_54,success,393.3238872781605
2024-01-04 04:00:00+00:00,user_20,success,254.16017560072433
2024-01-04 04:00:00+00:00,user_71,success,254.86019210740892
2024-01-04 04:00:00+00:00,user_80,success,314.76410425576296
2024-01-04 04:00:00+00:00,user_132,success,500.9926061262655
2024-01-04 04:00:00+00:00,user_147,success,272.89122639205124
2024-01-04 04:00:00+00:00,user_60,success,220.61257281001195
2024-01-04 04:00:00+00:00,user_152,success,330.87075064674605
2024-01-04 04:00:00+00:00,user_30,failure,344.2618151160759
2024-01-04 04:00:00+00:00,user_19,success,260.4992046111635
2024-01-04 05:00:00+00:00,user_94,success,232.5391516565006
2024-01-04 05:00:00+00:00,user_116,success,289.18056834943746
2024-01-04 05:00:00+00:00,user_47,failure,315.18782689699714
2024-01-04 05:00:00+00:00,user_145,success,346.1406452954457
2024-01-04 05:00:00+00:00,user_148,failure,281.88127209201343
2024-01-04 05:00:00+00:00,user_78,success,223.24486106212163
2024-01-04 05:00:00+00:00,user_103,success,199.73214455024913
2024-01-04 05:00:00+00:00,user_61,failure,327.8915475467376
2024-01-04 05:00:00+00:00,user_3,success,311.2708997528963
2024-01-04 06:00:00+00:00,user_51,failure,158.52485075497188
2024-01-04 06:00:00+00:00,user_170,failure,253.32701153054964
2024-01-04 06:00:00+00:00,user_64,success,195.92785947886992
2024-01-04 06:00:00+00:00,user_49,success,312.51024983346224
2024-01-04 06:00:00+00:00,user_90,success,326.55773871627866
2024-01-04 06:00:00+00:00,user_39,success,432.9007371638296
2024-01-04 06:00:00+00:00,user_70,success,263.4322994730982
2024-01-04 06:00:00+00:00,user_174,success,331.6247569966787
2024-01-04 06:00:00+00:00,user_152,success,254.12497427662095
2024-01-04 06:00:00+00:00,user_158,success,223.67506018029422
2024-01-04 07:00:00+00:00,user_120,failure,223.71163095842417
2024-01-04 07:00:00+00:00,user_144,failure,419.41508551676174
2024-01-04 07:00:00+00:00,user_44,success,278.3101119165945
2024-01-04 07:00:00+00:00,user_184,success,384.2445946412303
2024-01-04 07:00:00+00:00,user_21,success,462.66442388827716
2024-01-04 07:00:00+00:00,user_161,failure,287.93315035147555
2024-01-04 07:00:00+00:00,user_160,success,281.0400663151872
2024-01-04 07:00:00+00:00,user_148,success,279.32794238342655
2024-01-04 07:00:00+00:00,user_154,success,374.137679821722
2024-01-04 07:00:00+00:00,user_128,success,332.66761315158226
2024-01-04 07:00:00+00:00,user_69,success,299.62404764478623
2024-01-04 08:00:00+00:00,user_165,success,337.31439859468213
2024-01-04 08:00:00+00:00,user_128,failure,297.1486814162013
2024-01-04 08:00:00+00:00,user_189,success,265.8594306494117
2024-01-04 08:00:00+00:00,user_71,success,256.6532009865087
2024-01-04 08:00:00+00:00,user_33,success,276.3567007882761
2024-01-04 08:00:00+00:00,user_86,success,312.18524108612996
2024-01-04 08:00:00+00:00,user_98,success,214.22887904115146
2024-01-04 09:00:00+00:00,user_5,failure,66.29196132043141
2024-01-04 09:00:00+00:00,user_112,success,430.61219981577045
2024-01-04 09:00:00+00:00,user_76,success,279.12701871062956
2024-01-04 09:00:00+00:00,user_168,success,305.79020690248274
2024-01-04 09:00:00+00:00,user_63,success,298.2555729534532
2024-01-04 09:00:00+00:00,user_32,success,261.3805182254374
2024-01-04 09:00:00+00:00,user_110,failure,223.733711339303
2024-01-04 09:00:00+00:00,user_143,success,271.1621276636323
2024-01-04 09:00:00+00:00,user_168,failure,340.9132400743963
2024-01-04 09:00:00+00:00,user_26,success,228.9793595831012
2024-01-04 10:00:00+00:00,user_44,success,309.1895234831106
2024-01-04 10:00:00+00:00,user_6,success,123.6769939799008
2024-01-04 10:00:00+00:00,user_171,failure,217.0037279429003
2024-01-04 10:00:00+00:00,user_51,success,401.6504848526579
2024-01-04 10:00:00+00:00,user_85,success,243.41557277373337
2024-01-04 10:00:00+00:00,user_137,success,305.4284408421923
2024-01-04 10:00:00+00:00,user_42,success,368.2218940097776
2024-01-04 10:00:00+00:00,user_198,failure,366.70458713274917
2024-01-04 11:00:00+00:00,user_27,success,265.77954503625983
2024-01-04 11:00:00+00:00,user_40,success,265.8858379909466
2024-01-04 11:00:00+00:00,user_8,failure,307.1729800886608
2024-01-04 11:00:00+00:00,user_124,failure,380.27987628422915
2024-01-04 11:00:00+00:00,user_110,success,249.7666781921534
2024-01-04 11:00:00+00:00,user_32,success,231.25277730405514
2024-01-04 11:00:00+00:00,user_129,success,391.39081151793005
2024-01-04 11:00:00+00:00,user_119,success,226.19898156983342
2024-01-04 12:00:00+00:00,user_102,failure,393.89815981940706
2024-01-04 12:00:00+00:00,user_59,success,302.6179593232566
2024-01-04 12:00:00+00:00,user_97,success,278.64682303885434
2024-01-04 12:00:00+00:00,user_148,failure,315.5507441261869
2024-01-04 12:00:00+00:00,user_189,success,271.74669657514494
2024-01-04 12:00:00+00:00,user_9,failure,444.63009270393525
2024-01-04 12:00:00+00:00,user_172,failure,328.06281406038477
2024-01-04 12:00:00+00:00,user_194,failure,130.25160807931243
2024-01-04 12:00:00+00:00,user_131,failure,251.3742410324454
2024-01-04 13:00:00+00:00,user_21,success,319.4906000005899
2024-01-04 13:00:00+00:00,user_163,success,263.2727149156331
2024-01-04 13:00:00+00:00,user_41,success,335.78874417524884
2024-01-04 13:00:00+00:00,user_23,success,202.88580954779488
2024-01-04 13:00:00+00:00,user_150,success,334.34648174559214
2024-01-04 13:00:00+00:00,user_91,success,330.59531342554385
2024-01-04 13:00:00+00:00,user_125,success,395.57393154624174
2024-01-04 13:00:00+00:00,user_156,success,210.28954895401722
2024-01-04 13:00:00+00:00,user_198,failure,346.935504118022
2024-01-04 13:00:00+00:00,user_87,success,262.00770747019806
2024-01-04 13:00:00+00:00,user_67,success,145.1107749057103
2024-01-04 14:00:00+00:00,user_57,success,310.0677575695486
2024-01-04 14:00:00+00:00,user_46,failure,284.10087711867016
2024-01-04 14:00:00+00:00,user_137,failure,324.01244679965805
2024-01-04 14:00:00+00:00,user_77,failure,368.74057799998724
2024-01-04 14:00:00+00:00,user_151,success,327.6942196666193
2024-01-04 14:00:00+00:00,user_98,success,388.56645354295785
2024-01-04 14:00:00+00:00,user_72,success,290.3695068837121
2024-01-04 14:00:00+00:00,user_147,failure,284.99727039561014
2024-01-04 14:00:00+00:00,user_25,success,224.59476868455474
2024-01-04 14:00:00+00:00,user_14,failure,356.7561453711232
2024-01-04 15:00:00+00:00,user_110,failure,265.1610903544125
2024-01-04 15:00:00+00:00,user_170,success,380.2570559791219
2024-01-04 15:00:00+00:00,user_124,failure,464.5481776584816
2024-01-04 15:00:00+00:00,user_19,failure,327.1611587055072
2024-01-04 15:00:00+00:00,user_61,success,248.33829194907452
2024-01-04 15:00:00+00:00,user_30,success,163.9836100361547
2024-01-04 15:00:00+00:00,user_142,success,342.2642427733535
2024-01-04 15:00:00+00:00,user_187,success,247.54908962825175
2024-01-04 16:00:00+00:00,user_8,failure,311.9000716988172
2024-01-04 16:00:00+00:00,user_125,success,291.6440625170023
2024-01-04 16:00:00+00:00,user_113,success,286.49426214479917
2024-01-04 16:00:00+00:00,user_12,success,241.29696209717088
2024-01-04 16:00:00+00:00,user_20,success,302.8850713175702
2024-01-04 16:00:00+00:00,user_172,success,378.01581038259434
2024-01-04 16:00:00+00:00,user_65,success,340.0875335951876
2024-01-04 16:00:00+00:00,user_87,success,247.6739453498061
2024-01-04 16:00:00+00:00,user_47,success,153.54936825148346
2024-01-04 17:00:00+00:00,user_26,success,414.57361148197066
2024-01-04 17:00:00+00:00,user_179,success,278.2780419606894
2024-01-04 17:00:00+00:00,user_199,success,358.1855877616572
2024-01-04 17:00:00+00:00,user_67,success,246.06236749505086
2024-01-04 17:00:00+00:00,user_194,success,328.25659156062744
2024-01-04 17:00:00+00:00,user_72,success,298.41717478280276
2024-01-04 17:00:00+00:00,user_6,failure,364.52513413447997
2024-01-04 17:00:00+00:00,user_124,success,316.48396143036103
2024-01-04 18:00:00+00:00,user_93,success,254.9909213737075
2024-01-04 18:00:00+00:00,user_176,success,482.25989625449984
2024-01-04 18:00:00+00:00,user_56,success,392.7212195917725
2024-01-04 18:00:00+00:00,user_113,success,309.68943986697644
2024-01-04 18:00:00+00:00,user_43,failure,275.2094341084999
2024-01-04 18:00:00+00:00,user_177,success,156.45942155919522
2024-01-04 19:00:00+00:00,user_107,success,366.3459859142527
2024-01-04 19:00:00+00:00,user_49,success,253.45297344663834
2024-01-04 19:00:00+00:00,user_88,success,315.63002274813954
2024-01-04 19:00:00+00:00,user_39,success,379.39686651956214
2024-01-04 19:00:00+00:00,user_11,success,360.64849588139776
2024-01-04 19:00:00+00:00,user_45,success,293.022752126748
2024-01-04 19:00:00+00:00,user_108,success,327.50758584994395
2024-01-04 20:00:00+00:00,user_12,success,361.51178905795786
2024-01-04 20:00:00+00:00,user_161,failure,311.58941317260445
2024-01-04 20:00:00+00:00,user_82,success,250.81817078744655
2024-01-04 20:00:00+00:00,user_68,success,127.8547678936556
2024-01-04 20:00:00+00:00,user_147,success,242.46773446060638
2024-01-04 20:00:00+00:00,user_168,failure,340.953927282342
2024-01-04 20:00:00+00:00,user_191,success,286.5353412830344
2024-01-04 20:00:00+00:00,user_194,failure,304.4460447998528
2024-01-04 20:00:00+00:00,user_51,failure,503.74666251589144
2024-01-04 20:00:00+00:00,user_121,success,336.1306161319677
2024-01-04 21:00:00+00:00,user_2,success,214.00807541527038
2024-01-04 21:00:00+00:00,user_131,success,164.23220920109986
2024-01-04 21:00:00+00:00,user_65,success,248.35444570812197
2024-01-04 21:00:00+00:00,user_101,success,143.2487819127405
2024-01-04 21:00:00+00:00,user_23,failure,358.6119488583266
2024-01-04 21:00:00+00:00,user_38,failure,248.30181521249577
2024-01-04 21:00:00+00:00,user_99,success,442.02487140876093
2024-01-04 21:00:00+00:00,user_73,success,278.73843308048134
2024-01-04 21:00:00+00:00,user_98,success,414.67379358601346
2024-01-04 21:00:00+00:00,user_195,failure,289.25530068235616
2024-01-04 22:00:00+00:00,user_48,success,364.86466185278255
2024-01-04 22:00:00+00:00,user_57,success,346.14705342996746
2024-01-04 22:00:00+00:00,user_34,success,108.66226738297652
2024-01-04 22:00:00+00:00,user_165,success,287.6427584905619
2024-01-04 22:00:00+00:00,user_188,success,334.44581376752393
2024-01-04 22:00:00+00:00,user_163,success,287.95152644505254
2024-01-04 22:00:00+00:00,user_49,success,242.89969149834792
2024-01-04 22:00:00+00:00,user_64,success,201.25209024960623
2024-01-04 23:00:00+00:00,user_65,success,252.60285926776845
2024-01-04 23:00:00+00:00,user_113,success,262.0928522343267
2024-01-04 23:00:00+00:00,user_187,success,298.84381832973764
2024-01-04 23:00:00+00:00,user_45,success,212.14836175753226
2024-01-04 23:00:00+00:00,user_50,success,271.0550928613946
2024-01-04 23:00:00+00:00,user_125,success,344.8735558352991
2024-01-04 23:00:00+00:00,user_125,success,276.36157455766715
2024-01-04 23:00:00+00:00,user_124,success,319.1661232290567
2024-01-04 23:00:00+00:00,user_113,success,372.31382005894847
2024-01-05 00:00:00+00:00,user_175,success,510.6339549543881
2024-01-05 00:00:00+00:00,user_109,failure,155.55156216745868
2024-01-05 00:00:00+00:00,user_123,failure,384.97874642796825
2024-01-05 00:00:00+00:00,user_109,success,262.6052524940024
2024-01-05 00:00:00+00:00,user_85,success,141.65601516993698
2024-01-05 00:00:00+00:00,user_92,success,359.8328204894027
2024-01-05 00:00:00+00:00,user_125,success,283.5770326809519
2024-01-05 00:00:00+00:00,user_179,failure,486.73308641016314
2024-01-05 01:00:00+00:00,user_82,success,456.85530177288376
2024-01-05 01:00:00+00:00,user_165,success,390.1886594539807
2024-01-05 01:00:00+00:00,user_8,success,511.5474677613628
2024-01-05 01:00:00+00:00,user_147,success,179.76237372838773
2024-01-05 01:00:00+00:00,user_91,failure,321.2709038447466
2024-01-05 01:00:00+00:00,user_140,success,441.5293360210629
2024-01-05 01:00:00+00:00,user_139,success,312.90863397140066
2024-01-05 01:00:00+00:00,user_169,failure,268.4161949660722
2024-01-05 02:00:00+00:00,user_70,success,330.16803151217493
2024-01-05 02:00:00+00:00,user_52,failure,297.6589749052017
2024-01-05 02:00:00+00:00,user_183,success,227.5414159309905
2024-01-05 02:00:00+00:00,user_151,success,247.69869290809442
2024-01-05 02:00:00+00:00,user_192,success,384.48454472528414
2024-01-05 02:00:00+00:00,user_82,success,317.8591131303328
2024-01-05 02:00:00+00:00,user_175,failure,344.4483572802759
2024-01-05 02:00:00+00:00,user_48,failure,307.1664545004199
2024-01-05 02:00:00+00:00,user_72,failure,393.2644815366708
2024-01-05 03:00:00+00:00,user_63,failure,283.64360162518204
2024-01-05 03:00:00+00:00,user_187,success,370.83671671202706
2024-01-05 03:00:00+00:00,user_22,success,363.1307220117343
2024-01-05 03:00:00+00:00,user_171,failure,479.1794431942292
2024-01-05 03:00:00+00:00,user_21,success,336.805648507795
2024-01-05 03:00:00+00:00,user_194,success,316.9312782006919
2024-01-05 03:00:00+00:00,user_47,failure,438.07262162818995
2024-01-05 03:00:00+00:00,user_114,success,257.1509329259671
2024-01-05 04:00:00+00:00,user_65,success,368.5293683700542
2024-01-05 04:00:00+00:00,user_37,success,333.7103848878466
2024-01-05 04:00:00+00:00,user_133,failure,252.4927870202689
2024-01-05 04:00:00+00:00,user_127,failure,250.4610828016447
2024-01-05 04:00:00+00:00,user_23,success,325.0495063797811
2024-01-05 04:00:00+00:00,user_174,success,337.6257848422632
2024-01-05 04:00:00+00:00,user_142,failure,151.53297832397408
2024-01-05 04:00:00+00:00,user_173,success,331.24905421834893
2024-01-05 05:00:00+00:00,user_119,failure,363.43463523887345
2024-01-05 05:00:00+00:00,user_124,success,171.39521085048207
2024-01-05 05:00:00+00:00,user_34,success,238.98201771470286
2024-01-05 05:00:00+00:00,user_136,success,262.4581276196176
2024-01-05 05:00:00+00:00,user_118,success,244.18129733587088
2024-01-05 05:00:00+00:00,user_53,failure,181.8137567275088
2024-01-05 06:00:00+00:00,user_21,success,320.62087062880886
2024-01-05 06:00:00+00:00,user_19,success,58.439027534333974
2024-01-05 06:00:00+00:00,user_10,failure,314.7079635802956
2024-01-05 06:00:00+00:00,user_54,success,211.57173459577666
2024-01-05 06:00:00+00:00,user_156,success,362.5746086364608
2024-01-05 06:00:00+00:00,user_53,failure,384.8167925999104
2024-01-05 06:00:00+00:00,user_59,failure,520.7728031128862
2024-01-05 06:00:00+00:00,user_12,success,244.42294951287533
2024-01-05 06:00:00+00:00,user_98,success,267.2574049509517
2024-01-05 06:00:00+00:00,user_105,success,249.90479742227467
2024-01-05 07:00:00+00:00,user_38,failure,301.23031850976844
2024-01-05 07:00:00+00:00,user_88,failure,231.3240047700251
2024-01-05 07:00:00+00:00,user_139,failure,390.0470216832275
2024-01-05 07:00:00+00:00,user_107,success,261.90233011642727
2024-01-05 07:00:00+00:00,user_100,failure,369.95113445701816
2024-01-05 07:00:00+00:00,user_51,success,281.8991303060999
2024-01-05 07:00:00+00:00,user_179,success,360.4842657662917
2024-01-05 07:00:00+00:00,user_186,success,359.04642999277206
2024-01-05 07:00:00+00:00,user_120,success,308.8711583110214
2024-01-05 07:00:00+00:00,user_175,success,377.23179876729364
2024-01-05 07:00:00+00:00,user_161,success,398.89045774449744
2024-01-05 08:00:00+00:00,user_17,success,479.29076552165844
2024-01-05 08:00:00+00:00,user_37,success,267.17748512232026
2024-01-05 08:00:00+00:00,user_101,success,378.646616416472
2024-01-05 08:00:00+00:00,user_99,success,275.3023077377194
2024-01-05 08:00:00+00:00,user_146,success,277.08865012025785
2024-01-05 08:00:00+00:00,user_141,success,326.193581732079
2024-01-05 08:00:00+00:00,user_130,success,270.35275815420385
2024-01-05 08:00:00+00:00,user_184,success,468.30448737019276
2024-01-05 09:00:00+00:00,user_109,failure,292.1248811075494
2024-01-05 09:00:00+00:00,user_8,success,265.28270863417515
2024-01-05 09:00:00+00:00,user_18,success,272.5271120329626
2024-01-05 09:00:00+00:00,user_65,failure,457.17560383751265
2024-01-05 09:00:00+00:00,user_13,success,303.2735340316577
2024-01-05 09:00:00+00:00,user_44,success,219.8250035374822
2024-01-05 09:00:00+00:00,user_74,success,177.97447278132356
2024-01-05 09:00:00+00:00,user_81,success,209.29475239304935
2024-01-05 09:00:00+00:00,user_138,success,231.27296461087445
2024-01-05 10:00:00+00:00,user_182,success,395.6268894402252
2024-01-05 10:00:00+00:00,user_29,success,301.7972714249637
2024-01-05 10:00:00+00:00,user_65,success,343.7695292140168
2024-01-05 10:00:00+00:00,user_156,success,264.64254421966325
2024-01-05 10:00:00+00:00,user_27,success,273.1140811079971
2024-01-05 10:00:00+00:00,user_170,failure,280.9843900248287
2024-01-05 10:00:00+00:00,user_134,success,315.37878113561845
2024-01-05 10:00:00+00:00,user_153,failure,127.07517333446454
2024-01-05 10:00:00+00:00,user_126,success,320.4458922969895
2024-01-05 11:00:00+00:00,user_117,success,353.6175917821871
2024-01-05 11:00:00+00:00,user_45,success,354.157310987163
2024-01-05 11:00:00+00:00,user_132,failure,324.9655678235974
2024-01-05 11:00:00+00:00,user_156,success,311.9945336050713
2024-01-05 11:00:00+00:00,user_124,success,301.67091906367693
2024-01-05 11:00:00+00:00,user_143,success,318.45607245749466
2024-01-05 11:00:00+00:00,user_22,success,247.02953236259208
2024-01-05 11:00:00+00:00,user_106,failure,252.17532908117124
2024-01-05 12:00:00+00:00,user_138,success,372.275922887288
2024-01-05 12:00:00+00:00,user_95,success,304.84870685399466
2024-01-05 12:00:00+00:00,user_65,success,281.2784112714415
2024-01-05 12:00:00+00:00,user_188,success,337.30866995570676
2024-01-05 12:00:00+00:00,user_159,success,212.87359070817564
2024-01-05 12:00:00+00:00,user_178,success,287.5342820536718
2024-01-05 13:00:00+00:00,user_15,success,352.3723330326406
2024-01-05 13:00:00+00:00,user_190,success,314.77222207236804
2024-01-05 13:00:00+00:00,user_46,success,186.0834278039884
2024-01-05 13:00:00+00:00,user_108,failure,278.66781366124684
2024-01-05 13:00:00+00:00,user_75,failure,265.6604463761071
2024-01-05 13:00:00+00:00,user_70,success,347.0842615816576
2024-01-05 13:00:00+00:00,user_68,failure,303.8369156785237
2024-01-05 14:00:00+00:00,user_101,success,326.54750906068125
2024-01-05 14:00:00+00:00,user_19,success,234.20547381961097
2024-01-05 14:00:00+00:00,user_17,failure,405.3567069349363
2024-01-05 14:00:00+00:00,user_80,failure,248.68104727645522
2024-01-05 14:00:00+00:00,user_8,failure,339.0297827896859
2024-01-05 14:00:00+00:00,user_94,success,223.4850898545593
2024-01-05 14:00:00+00:00,user_88,failure,337.7925022304302
2024-01-05 14:00:00+00:00,user_93,success,349.47907043651804
2024-01-05 15:00:00+00:00,user_171,success,283.4017981852902
2024-01-05 15:00:00+00:00,user_170,success,337.5657454678746
2024-01-05 15:00:00+00:00,user_91,success,357.1282799776074
2024-01-05 15:00:00+00:00,user_155,success,467.9777431333212
2024-01-05 15:00:00+00:00,user_10,failure,280.2379439403203
2024-01-05 15:00:00+00:00,user_182,success,192.47084237094504
2024-01-05 15:00:00+00:00,user_117,success,171.73916265472403
2024-01-05 16:00:00+00:00,user_113,success,362.6269731790314
2024-01-05 16:00:00+00:00,user_173,success,184.81806295119324
2024-01-05 16:00:00+00:00,user_181,success,203.1062456575375
2024-01-05 16:00:00+00:00,user_58,failure,358.46112952532195
2024-01-05 16:00:00+00:00,user_148,success,177.89832026222302
2024-01-05 16:00:00+00:00,user_105,success,302.60604619268497
2024-01-05 16:00:00+00:00,user_193,success,267.43709496585757
2024-01-05 16:00:00+00:00,user_68,success,354.9054765565361
2024-01-05 17:00:00+00:00,user_56,success,429.3770059974899
2024-01-05 17:00:00+00:00,user_147,success,308.348475001857
2024-01-05 17:00:00+00:00,user_199,failure,412.8840720847379
2024-01-05 17:00:00+00:00,user_106,failure,267.5671993908977
2024-01-05 17:00:00+00:00,user_116,success,231.1989310737168
2024-01-05 17:00:00+00:00,user_112,failure,217.59883393095134
2024-01-05 17:00:00+00:00,user_156,success,187.53962154776355
2024-01-05 17:00:00+00:00,user_165,success,225.49859362269885
2024-01-05 18:00:00+00:00,user_40,success,371.95480326045777
2024-01-05 18:00:00+00:00,user_24,success,359.56672217597435
2024-01-05 18:00:00+00:00,user_67,success,251.64067129759613
2024-01-05 18:00:00+00:00,user_116,success,296.0952329515705
2024-01-05 18:00:00+00:00,user_69,success,433.5383003712242
2024-01-05 18:00:00+00:00,user_188,success,494.75269065901455
2024-01-05 18:00:00+00:00,user_101,success,253.43107249676575
2024-01-05 18:00:00+00:00,user_85,success,252.95691372329
2024-01-05 19:00:00+00:00,user_128,success,354.34986263652024
2024-01-05 19:00:00+00:00,user_169,failure,208.09647718730753
2024-01-05 19:00:00+00:00,user_87,success,231.68482332898458
2024-01-05 19:00:00+00:00,user_185,success,226.11796865850158
2024-01-05 19:00:00+00:00,user_123,failure,189.8616237997096
2024-01-05 19:00:00+00:00,user_22,success,262.86231220534194
2024-01-05 19:00:00+00:00,user_149,success,196.80110593398294
2024-01-05 19:00:00+00:00,user_170,success,156.04288548196885
2024-01-05 20:00:00+00:00,user_162,failure,345.47841802196785
2024-01-05 20:00:00+00:00,user_10,success,308.42474567032696
2024-01-05 20:00:00+00:00,user_17,success,384.1558094178335
2024-01-05 20:00:00+00:00,user_149,success,220.15514981484696
2024-01-05 20:00:00+00:00,user_65,success,203.5390297235569
2024-01-05 20:00:00+00:00,user_15,success,285.5195089072309
2024-01-05 20:00:00+00:00,user_123,failure,266.5776162054576
2024-01-05 20:00:00+00:00,user_162,failure,375.3790521197889
2024-01-05 21:00:00+00:00,user_73,success,335.1600984496181
2024-01-05 21:00:00+00:00,user_76,success,362.31492028096915
2024-01-05 21:00:00+00:00,user_109,failure,108.69804551806811
2024-01-05 21:00:00+00:00,user_15,success,294.0099249434808
2024-01-05 21:00:00+00:00,user_96,success,276.4826441868654
2024-01-05 21:00:00+00:00,user_116,success,294.27205985135464
2024-01-05 21:00:00+00:00,user_78,success,295.1768806886711
2024-01-05 21:00:00+00:00,user_132,success,336.3836135713904
2024-01-05 21:00:00+00:00,user_157,failure,340.0532577104968
2024-01-05 21:00:00+00:00,user_83,success,303.9818949744768
2024-01-05 22:00:00+00:00,user_27,success,333.64360873824955
2024-01-05 22:00:00+00:00,user_89,success,275.7635569612546
2024-01-05 22:00:00+00:00,user_196,success,377.3990199390911
2024-01-05 22:00:00+00:00,user_57,failure,255.12518286210027
2024-01-05 22:00:00+00:00,user_7,success,302.16432325511613
2024-01-05 22:00:00+00:00,user_72,success,308.14885651038827
2024-01-05 22:00:00+00:00,user_113,success,201.84995723889685
2024-01-05 22:00:00+00:00,user_140,success,265.22839281678444
2024-01-05 22:00:00+00:00,user_97,success,321.17152040970313
2024-01-05 22:00:00+00:00,user_120,failure,375.84971512805157
2024-01-05 23:00:00+00:00,user_50,success,210.67804480410726
2024-01-05 23:00:00+00:00,user_194,success,398.8649296005551
2024-01-05 23:00:00+00:00,user_167,failure,410.9805928842077
2024-01-05 23:00:00+00:00,user_79,success,391.72991332495417
2024-01-05 23:00:00+00:00,user_147,failure,333.95784753983276
2024-01-05 23:00:00+00:00,user_105,failure,286.55252272278045
2024-01-05 23:00:00+00:00,user_62,success,281.56794286353863
2024-01-05 23:00:00+00:00,user_197,success,226.06134845853566
2024-01-05 23:00:00+00:00,user_169,success,236.22858204747462
2024-01-05 23:00:00+00:00,user_131,success,302.9499843349077
2024-01-05 23:00:00+00:00,user_89,success,364.0931215859138
